Addam-Marbrand	Brynden-Tully
Addam-Marbrand	Cersei-Lannister
Addam-Marbrand	Jaime-Lannister
Addam-Marbrand	Lyle-Crakehall
Brynden-Tully	Jaime-Lannister
Brynden-Tully	Lyle-Crakehall
Brynden-Tully	Catelyn-Stark
Brynden-Tully	Daven-Lannister
Brynden-Tully	Edmure-Tully
Brynden-Tully	Edwyn-Frey
Brynden-Tully	Emmon-Frey
Brynden-Tully	Ryman-Frey
Cersei-Lannister	Jaime-Lannister
Cersei-Lannister	Rhaegar-Targaryen
Cersei-Lannister	Jon-Snow
Cersei-Lannister	Robert-Baratheon
Cersei-Lannister	Tywin-Lannister
Cersei-Lannister	Margaery-Tyrell
Cersei-Lannister	Osney-Kettleblack
Cersei-Lannister	Lancel-Lannister
Cersei-Lannister	Myrcella-Baratheon
Cersei-Lannister	Petyr-Baelish
Cersei-Lannister	Doran-Martell
Cersei-Lannister	Sansa-Stark
Cersei-Lannister	Gyles-Rosby
Cersei-Lannister	Harys-Swyft
Cersei-Lannister	Loras-Tyrell
Cersei-Lannister	Orton-Merryweather
Cersei-Lannister	Stannis-Baratheon
Cersei-Lannister	Tommen-Baratheon
Cersei-Lannister	Falyse-Stokeworth
Cersei-Lannister	Gregor-Clegane
Cersei-Lannister	Qyburn
Cersei-Lannister	Tallad
Cersei-Lannister	Meryn-Trant
Cersei-Lannister	Osmund-Kettleblack
Cersei-Lannister	Joffrey-Baratheon
Cersei-Lannister	Tyrion-Lannister
Cersei-Lannister	Dorcas
Cersei-Lannister	Dunsen
Cersei-Lannister	Eddard-Stark
Cersei-Lannister	Garlan-Tyrell
Cersei-Lannister	Garth-Tyrell
Cersei-Lannister	High-Septon-(Tyrions)
Cersei-Lannister	High-Sparrow
Cersei-Lannister	Ilyn-Payne
Cersei-Lannister	Jalabhar-Xho
Cersei-Lannister	Jocelyn-Swyft
Cersei-Lannister	Kevan-Lannister
Cersei-Lannister	Mace-Tyrell
Cersei-Lannister	Maegor-I-Targaryen
Cersei-Lannister	Maggy
Cersei-Lannister	Mark-Mullendore
Cersei-Lannister	Melara-Hetherspoon
Cersei-Lannister	Moon-Boy
Cersei-Lannister	Olenna-Redwyne
Cersei-Lannister	Osfryd-Kettleblack
Cersei-Lannister	Pycelle
Cersei-Lannister	Rafford
Cersei-Lannister	Raynard
Cersei-Lannister	Senelle
Cersei-Lannister	Taena-of-Myr
Cersei-Lannister	Unella
Cersei-Lannister	Varys
Cersei-Lannister	Walder-Frey
Cersei-Lannister	Daenerys-Targaryen
Cersei-Lannister	Moelle
Cersei-Lannister	Robert-Strong
Cersei-Lannister	Scolera
Jaime-Lannister	Lyle-Crakehall
Jaime-Lannister	Rhaegar-Targaryen
Jaime-Lannister	Robert-Baratheon
Jaime-Lannister	Tywin-Lannister
Jaime-Lannister	Margaery-Tyrell
Jaime-Lannister	Lancel-Lannister
Jaime-Lannister	Sandor-Clegane
Jaime-Lannister	Sansa-Stark
Jaime-Lannister	Loras-Tyrell
Jaime-Lannister	Tommen-Baratheon
Jaime-Lannister	Mariya-Darry
Jaime-Lannister	Thoros-of-Myr
Jaime-Lannister	Qyburn
Jaime-Lannister	Osmund-Kettleblack
Jaime-Lannister	Robb-Stark
Jaime-Lannister	Renly-Baratheon
Jaime-Lannister	Tyrion-Lannister
Jaime-Lannister	Ryman-Frey
Jaime-Lannister	Kevan-Lannister
Jaime-Lannister	Mace-Tyrell
Jaime-Lannister	Melara-Hetherspoon
Jaime-Lannister	Olenna-Redwyne
Jaime-Lannister	Pycelle
Jaime-Lannister	Rafford
Jaime-Lannister	Taena-of-Myr
Jaime-Lannister	Varys
Jaime-Lannister	Walder-Frey
Jaime-Lannister	Shadrich
Jaime-Lannister	Walder-Rivers
Jaime-Lannister	Josmyn-Peckledon
Jaime-Lannister	Joy-Hill
Jaime-Lannister	Karyl-Vance
Jaime-Lannister	Lewys-Piper
Jaime-Lannister	Pia
Jaime-Lannister	Rennifer-Longwaters
Jaime-Lannister	Ronnet-Connington
Jaime-Lannister	Shitmouth
Jaime-Lannister	Sybell-Spicer
Jaime-Lannister	Vargo-Hoat
Jaime-Lannister	Wylis-Manderly
Jaime-Lannister	Zollo
Jaime-Lannister	Jonos-Bracken
Jaime-Lannister	Tytos-Blackwood
Aegon-Targaryen-(son-of-Rhaegar)	Rhaegar-Targaryen
Aegon-Targaryen-(son-of-Rhaegar)	Tywin-Lannister
Aegon-Targaryen-(son-of-Rhaegar)	Tyrion-Lannister
Aegon-Targaryen-(son-of-Rhaegar)	Elia-Martell
Aegon-Targaryen-(son-of-Rhaegar)	Daenerys-Targaryen
Aegon-Targaryen-(son-of-Rhaegar)	Franklyn-Flowers
Aegon-Targaryen-(son-of-Rhaegar)	Haldon
Aegon-Targaryen-(son-of-Rhaegar)	Harry-Strickland
Aegon-Targaryen-(son-of-Rhaegar)	Jon-Connington
Aegon-Targaryen-(son-of-Rhaegar)	Lemore
Aegon-Targaryen-(son-of-Rhaegar)	Rhaenys-Targaryen-(daughter-of-Rhaegar)
Aegon-Targaryen-(son-of-Rhaegar)	Rolly-Duckfield
Aegon-Targaryen-(son-of-Rhaegar)	Viserys-Targaryen
Aegon-Targaryen-(son-of-Rhaegar)	Yandry
Aegon-Targaryen-(son-of-Rhaegar)	Ysilla
Rhaegar-Targaryen	Robert-Baratheon
Aegon-V-Targaryen	Aemon-Targaryen-(Maester-Aemon)
Aemon-Targaryen-(Maester-Aemon)	Alleras
Aemon-Targaryen-(Maester-Aemon)	Clydas
Aemon-Targaryen-(Maester-Aemon)	Dareon
Aemon-Targaryen-(Maester-Aemon)	Gilly
Aemon-Targaryen-(Maester-Aemon)	Jon-Snow
Aemon-Targaryen-(Maester-Aemon)	Samwell-Tarly
Aemon-Targaryen-(Maester-Aemon)	Stannis-Baratheon
Alleras	Samwell-Tarly
Alleras	Armen
Alleras	Leo-Tyrell
Alleras	Marwyn
Alleras	Mollander
Alleras	Pate-(novice)
Alleras	Roone
Clydas	Jon-Snow
Clydas	Samwell-Tarly
Clydas	Stannis-Baratheon
Clydas	Mully
Dareon	Gilly
Dareon	Samwell-Tarly
Dareon	Lanna-(Happy-Port)
Gilly	Jon-Snow
Gilly	Samwell-Tarly
Gilly	Kojja-Mo
Gilly	Melisandre
Gilly	Mance-Rayder
Jon-Snow	Samwell-Tarly
Jon-Snow	Sansa-Stark
Jon-Snow	Stannis-Baratheon
Jon-Snow	Robb-Stark
Jon-Snow	Melisandre
Jon-Snow	Pypar
Jon-Snow	Qhorin-Halfhand
Jon-Snow	Sigorn
Jon-Snow	Satin
Jon-Snow	Mance-Rayder
Jon-Snow	Tycho-Nestoris
Jon-Snow	Selyse-Florent
Jon-Snow	Shireen-Baratheon
Jon-Snow	Narbert-Grandison
Jon-Snow	Othell-Yarwyck
Jon-Snow	Tormund
Jon-Snow	Wick-Whittlestick
Jon-Snow	Malegorn
Jon-Snow	Mully
Jon-Snow	Val
Jon-Snow	Leathers
Jon-Snow	Rory
Jon-Snow	Owen
Jon-Snow	Patrek-of-Kings-Mountain
Jon-Snow	Rattleshirt
Jon-Snow	Soren-Shieldbreaker
Jon-Snow	Tom-Barleycorn
Jon-Snow	Toregg
Jon-Snow	Ulmer
Jon-Snow	Weeper
Jon-Snow	Wun-Weg-Wun-Dar-Wun
Jon-Snow	Ygritte
Samwell-Tarly	Stannis-Baratheon
Samwell-Tarly	Xhondo
Samwell-Tarly	Theobald
Aeron-Greyjoy	Asha-Greyjoy
Aeron-Greyjoy	Baelor-Blacktyde
Aeron-Greyjoy	Balon-Greyjoy
Aeron-Greyjoy	Dunstan-Drumm
Aeron-Greyjoy	Emmond
Aeron-Greyjoy	Euron-Greyjoy
Aeron-Greyjoy	Gormond-Goodbrother
Aeron-Greyjoy	Gorold-Goodbrother
Aeron-Greyjoy	Greydon-Goodbrother
Aeron-Greyjoy	Meldred-Merlyn
Aeron-Greyjoy	Murenmure
Aeron-Greyjoy	Rus
Aeron-Greyjoy	Theon-Greyjoy
Aeron-Greyjoy	Victarion-Greyjoy
Asha-Greyjoy	Balon-Greyjoy
Asha-Greyjoy	Euron-Greyjoy
Asha-Greyjoy	Theon-Greyjoy
Asha-Greyjoy	Victarion-Greyjoy
Asha-Greyjoy	Robert-Baratheon
Asha-Greyjoy	Red-Oarsman
Asha-Greyjoy	Rodrik-Harlaw
Asha-Greyjoy	Tristifer-Botley
Asha-Greyjoy	Stannis-Baratheon
Asha-Greyjoy	Justin-Massey
Asha-Greyjoy	Clayton-Suggs
Asha-Greyjoy	Galbart-Glover
Asha-Greyjoy	Godry-Farring
Asha-Greyjoy	Grimtongue
Asha-Greyjoy	Hagen
Asha-Greyjoy	Qarl-the-Maid
Asha-Greyjoy	Rolfe-the-Dwarf
Asha-Greyjoy	Sybelle-Glover
Asha-Greyjoy	Torgon-Greyiron
Asha-Greyjoy	Tycho-Nestoris
Baelor-Blacktyde	Balon-Greyjoy
Baelor-Blacktyde	Euron-Greyjoy
Baelor-Blacktyde	Victarion-Greyjoy
Balon-Greyjoy	Euron-Greyjoy
Balon-Greyjoy	Theon-Greyjoy
Balon-Greyjoy	Victarion-Greyjoy
Balon-Greyjoy	Stannis-Baratheon
Dunstan-Drumm	Victarion-Greyjoy
Dunstan-Drumm	Rodrik-Harlaw
Euron-Greyjoy	Victarion-Greyjoy
Euron-Greyjoy	Red-Oarsman
Euron-Greyjoy	Rodrik-Harlaw
Euron-Greyjoy	Hotho-Harlaw
Euron-Greyjoy	Humfrey-Hewett
Euron-Greyjoy	Nute
Euron-Greyjoy	Quellon-Greyjoy
Euron-Greyjoy	Sawane-Botley
Gorold-Goodbrother	Victarion-Greyjoy
Meldred-Merlyn	Victarion-Greyjoy
Murenmure	Theon-Greyjoy
Theon-Greyjoy	Wyman-Manderly
Theon-Greyjoy	Walder-Frey-(son-of-Merrett)
Theon-Greyjoy	Yellow-Dick
Theon-Greyjoy	Walda-Frey-(daughter-of-Merrett)
Theon-Greyjoy	Walder-Frey-(son-of-Jammos)
Theon-Greyjoy	Wex-Pyke
Theon-Greyjoy	Willow-Witch-eye
Victarion-Greyjoy	Wulfe
Aerys-II-Targaryen	Cersei-Lannister
Aerys-II-Targaryen	Jaime-Lannister
Aerys-II-Targaryen	Rhaegar-Targaryen
Aerys-II-Targaryen	Barristan-Selmy
Aerys-II-Targaryen	Denys-Darklyn
Aerys-II-Targaryen	Elbert-Arryn
Aerys-II-Targaryen	Owen-Merryweather
Aerys-II-Targaryen	Robert-Baratheon
Aerys-II-Targaryen	Tywin-Lannister
Barristan-Selmy	Rhaegar-Targaryen
Barristan-Selmy	Quentyn-Martell
Barristan-Selmy	Tyrion-Lannister
Barristan-Selmy	Varys
Barristan-Selmy	Daenerys-Targaryen
Barristan-Selmy	Daario-Naharis
Barristan-Selmy	Grey-Worm
Barristan-Selmy	Jhogo
Barristan-Selmy	Gerris-Drinkwater
Barristan-Selmy	Belwas
Barristan-Selmy	Ben-Plumm
Barristan-Selmy	Bloodbeard
Barristan-Selmy	Galazza-Galare
Barristan-Selmy	Grazhar
Barristan-Selmy	Groleo
Barristan-Selmy	Hizdahr-zo-Loraq
Barristan-Selmy	Khrazz
Barristan-Selmy	Larraq
Barristan-Selmy	Missandei
Barristan-Selmy	Reznak-mo-Reznak
Barristan-Selmy	Skahaz-mo-Kandaq
Barristan-Selmy	Steelskin
Barristan-Selmy	Widower
Barristan-Selmy	Xaro-Xhoan-Daxos
Robert-Baratheon	Tywin-Lannister
Robert-Baratheon	Stannis-Baratheon
Robert-Baratheon	Tommen-Baratheon
Robert-Baratheon	Tyrion-Lannister
Robert-Baratheon	Taena-of-Myr
Robert-Baratheon	Viserys-Targaryen
Robert-Baratheon	Val
Robert-Baratheon	Willam-Dustin
Tywin-Lannister	Wylis-Manderly
Alla-Tyrell	Elinor-Tyrell
Alla-Tyrell	Margaery-Tyrell
Alla-Tyrell	Megga-Tyrell
Alla-Tyrell	Osney-Kettleblack
Elinor-Tyrell	Margaery-Tyrell
Elinor-Tyrell	Megga-Tyrell
Elinor-Tyrell	Tallad
Margaery-Tyrell	Robert-Baratheon
Margaery-Tyrell	Megga-Tyrell
Margaery-Tyrell	Osney-Kettleblack
Margaery-Tyrell	Sansa-Stark
Margaery-Tyrell	Orton-Merryweather
Margaery-Tyrell	Tommen-Baratheon
Margaery-Tyrell	Qyburn
Margaery-Tyrell	Tallad
Margaery-Tyrell	Osmund-Kettleblack
Margaery-Tyrell	Olenna-Redwyne
Margaery-Tyrell	Senelle
Margaery-Tyrell	Taena-of-Myr
Margaery-Tyrell	Willas-Tyrell
Osney-Kettleblack	Stannis-Baratheon
Osney-Kettleblack	Tommen-Baratheon
Osney-Kettleblack	Taena-of-Myr
Armen	Leo-Tyrell
Armen	Marwyn
Armen	Mollander
Armen	Pate-(novice)
Armen	Roone
Leo-Tyrell	Samwell-Tarly
Leo-Tyrell	Pate-(novice)
Leo-Tyrell	Roone
Marwyn	Samwell-Tarly
Mollander	Pate-(novice)
Mollander	Roone
Pate-(novice)	Walgrave
Pate-(novice)	Quill
Pate-(novice)	Rosey
Alys-Arryn	Elys-Waynwood
Alys-Arryn	Jon-Arryn
Jon-Arryn	Robert-Baratheon
Jon-Arryn	Petyr-Baelish
Jon-Arryn	Lysa-Arryn
Jon-Arryn	Tyrion-Lannister
Amerei-Frey	Jaime-Lannister
Amerei-Frey	Lyle-Crakehall
Amerei-Frey	Lancel-Lannister
Lancel-Lannister	Osmund-Kettleblack
Lancel-Lannister	Moon-Boy
Anders-Yronwood	Quentyn-Martell
Quentyn-Martell	Trystane-Martell
Quentyn-Martell	Tattered-Prince
Andrey-Dalt	Arianne-Martell
Andrey-Dalt	Garin-(orphan)
Andrey-Dalt	Myrcella-Baratheon
Andrey-Dalt	Sylva-Santagar
Andrey-Dalt	Tyene-Sand
Arianne-Martell	Quentyn-Martell
Arianne-Martell	Garin-(orphan)
Arianne-Martell	Myrcella-Baratheon
Arianne-Martell	Sylva-Santagar
Arianne-Martell	Tyene-Sand
Arianne-Martell	Arys-Oakheart
Arianne-Martell	Doran-Martell
Arianne-Martell	Obara-Sand
Arianne-Martell	Oberyn-Martell
Arianne-Martell	Cedra
Arianne-Martell	Franklyn-Fowler
Arianne-Martell	Gerold-Dayne
Arianne-Martell	Mellei
Arianne-Martell	Morra
Arianne-Martell	Ricasso
Arianne-Martell	Timoth
Arianne-Martell	Balon-Swann
Arianne-Martell	Ellaria-Sand
Garin-(orphan)	Myrcella-Baratheon
Garin-(orphan)	Sylva-Santagar
Garin-(orphan)	Tyene-Sand
Garin-(orphan)	Gerold-Dayne
Garin-(orphan)	Nymeria-Sand
Myrcella-Baratheon	Sylva-Santagar
Myrcella-Baratheon	Stannis-Baratheon
Myrcella-Baratheon	Tommen-Baratheon
Myrcella-Baratheon	Tyrion-Lannister
Myrcella-Baratheon	Trystane-Martell
Sylva-Santagar	Tyene-Sand
Anya-Waynwood	Benedar-Belmore
Anya-Waynwood	Gilwood-Hunter
Anya-Waynwood	Harrold-Hardyng
Anya-Waynwood	Horton-Redfort
Anya-Waynwood	Petyr-Baelish
Anya-Waynwood	Symond-Templeton
Anya-Waynwood	Yohn-Royce
Benedar-Belmore	Gilwood-Hunter
Benedar-Belmore	Horton-Redfort
Benedar-Belmore	Petyr-Baelish
Benedar-Belmore	Symond-Templeton
Gilwood-Hunter	Horton-Redfort
Gilwood-Hunter	Symond-Templeton
Gilwood-Hunter	Lysa-Arryn
Harrold-Hardyng	Yohn-Royce
Harrold-Hardyng	Robert-Arryn
Horton-Redfort	Yohn-Royce
Petyr-Baelish	Symond-Templeton
Petyr-Baelish	Yohn-Royce
Petyr-Baelish	Sansa-Stark
Petyr-Baelish	Tyrion-Lannister
Petyr-Baelish	Pycelle
Petyr-Baelish	Varys
Petyr-Baelish	Robert-Arryn
Symond-Templeton	Yohn-Royce
Areo-Hotah	Arianne-Martell
Areo-Hotah	Myrcella-Baratheon
Areo-Hotah	Arys-Oakheart
Areo-Hotah	Caleotte
Areo-Hotah	Doran-Martell
Areo-Hotah	Obara-Sand
Areo-Hotah	Oberyn-Martell
Areo-Hotah	Balon-Swann
Areo-Hotah	Ellaria-Sand
Arys-Oakheart	Garin-(orphan)
Arys-Oakheart	Myrcella-Baratheon
Arys-Oakheart	Doran-Martell
Arys-Oakheart	Gerold-Dayne
Caleotte	Doran-Martell
Caleotte	Obara-Sand
Caleotte	Gregor-Clegane
Doran-Martell	Robert-Baratheon
Doran-Martell	Tywin-Lannister
Doran-Martell	Quentyn-Martell
Doran-Martell	Myrcella-Baratheon
Doran-Martell	Tyene-Sand
Doran-Martell	Obara-Sand
Doran-Martell	Oberyn-Martell
Doran-Martell	Gregor-Clegane
Doran-Martell	Nymeria-Sand
Doran-Martell	Viserys-Targaryen
Doran-Martell	Ellaria-Sand
Obara-Sand	Tyene-Sand
Oberyn-Martell	Tyene-Sand
Cedra	Garin-(orphan)
Gerold-Dayne	Myrcella-Baratheon
Mellei	Morra
Arya-Stark	Dareon
Arya-Stark	Jon-Snow
Arya-Stark	Theon-Greyjoy
Arya-Stark	Bellegere-Otherys
Arya-Stark	Brea
Arya-Stark	Brusco
Arya-Stark	Denyo-Terys
Arya-Stark	Kindly-Man
Arya-Stark	Meralyn
Arya-Stark	Nan
Arya-Stark	Sandor-Clegane
Arya-Stark	Sansa-Stark
Arya-Stark	Syrio-Forel
Arya-Stark	Talea
Arya-Stark	Ternesio-Terys
Arya-Stark	Umma
Arya-Stark	Waif
Arya-Stark	Yorko-Terys
Arya-Stark	Bran-Stark
Arya-Stark	Eddard-Stark
Arya-Stark	Melisandre
Arya-Stark	Jeyne-Poole
Arya-Stark	Mance-Rayder
Arya-Stark	Ramsay-Snow
Brea	Brusco
Brea	Talea
Denyo-Terys	Ternesio-Terys
Kindly-Man	Waif
Sandor-Clegane	Sansa-Stark
Sandor-Clegane	Thoros-of-Myr
Sandor-Clegane	Timeon
Sandor-Clegane	Tyrion-Lannister
Sandor-Clegane	Tickler
Sansa-Stark	Tywin-Lannister
Sansa-Stark	Yohn-Royce
Sansa-Stark	Tyrion-Lannister
Rodrik-Harlaw	Victarion-Greyjoy
Rodrik-Harlaw	Sigfryd-Harlaw
Aurane-Waters	Cersei-Lannister
Aurane-Waters	Margaery-Tyrell
Aurane-Waters	Gyles-Rosby
Aurane-Waters	Harys-Swyft
Aurane-Waters	Loras-Tyrell
Aurane-Waters	Orton-Merryweather
Aurane-Waters	Paxter-Redwyne
Aurane-Waters	Stannis-Baratheon
Aurane-Waters	Tommen-Baratheon
Gyles-Rosby	Margaery-Tyrell
Gyles-Rosby	Harys-Swyft
Gyles-Rosby	Orton-Merryweather
Gyles-Rosby	Qyburn
Gyles-Rosby	Mace-Tyrell
Gyles-Rosby	Pycelle
Harys-Swyft	Orton-Merryweather
Harys-Swyft	Stannis-Baratheon
Harys-Swyft	Tommen-Baratheon
Harys-Swyft	Pycelle
Harys-Swyft	Taena-of-Myr
Loras-Tyrell	Margaery-Tyrell
Loras-Tyrell	Tommen-Baratheon
Loras-Tyrell	Osmund-Kettleblack
Loras-Tyrell	Tyrion-Lannister
Orton-Merryweather	Petyr-Baelish
Orton-Merryweather	Stannis-Baratheon
Orton-Merryweather	Tommen-Baratheon
Orton-Merryweather	Pycelle
Orton-Merryweather	Taena-of-Myr
Paxter-Redwyne	Samwell-Tarly
Stannis-Baratheon	Theon-Greyjoy
Stannis-Baratheon	Tywin-Lannister
Stannis-Baratheon	Tommen-Baratheon
Stannis-Baratheon	Tyrion-Lannister
Stannis-Baratheon	Wyman-Manderly
Stannis-Baratheon	Tycho-Nestoris
Stannis-Baratheon	Val
Stannis-Baratheon	Theomore
Stannis-Baratheon	William-Foxglove
Tommen-Baratheon	Tywin-Lannister
Tommen-Baratheon	Tyrion-Lannister
Baelor-I-Targaryen	Cersei-Lannister
Balman-Byrch	Cersei-Lannister
Balman-Byrch	Bronn
Balman-Byrch	Falyse-Stokeworth
Bronn	Cersei-Lannister
Bronn	Falyse-Stokeworth
Bronn	Tyrion-Lannister
Bronn	Lollys-Stokeworth
Falyse-Stokeworth	Qyburn
Balon-Swann	Jaime-Lannister
Balon-Swann	Myrcella-Baratheon
Balon-Swann	Doran-Martell
Balon-Swann	Gerold-Dayne
Balon-Swann	Loras-Tyrell
Balon-Swann	Gregor-Clegane
Balon-Swann	Tyrion-Lannister
Gregor-Clegane	Jaime-Lannister
Gregor-Clegane	Tywin-Lannister
Gregor-Clegane	Oberyn-Martell
Gregor-Clegane	Sandor-Clegane
Gregor-Clegane	Qyburn
Gregor-Clegane	Meryn-Trant
Gregor-Clegane	Ilyn-Payne
Gregor-Clegane	Pycelle
Gregor-Clegane	Rafford
Beric-Dondarrion	Jaime-Lannister
Beric-Dondarrion	Sandor-Clegane
Beric-Dondarrion	Catelyn-Stark
Beric-Dondarrion	Mariya-Darry
Beric-Dondarrion	Thoros-of-Myr
Catelyn-Stark	Jaime-Lannister
Catelyn-Stark	Petyr-Baelish
Catelyn-Stark	Sansa-Stark
Catelyn-Stark	Robb-Stark
Catelyn-Stark	Hyle-Hunt
Catelyn-Stark	Randyll-Tarly
Catelyn-Stark	Renly-Baratheon
Catelyn-Stark	Tyrion-Lannister
Catelyn-Stark	Eddard-Stark
Biter	Brienne-of-Tarth
Brienne-of-Tarth	Cersei-Lannister
Brienne-of-Tarth	Jaime-Lannister
Brienne-of-Tarth	Tywin-Lannister
Brienne-of-Tarth	Sandor-Clegane
Brienne-of-Tarth	Sansa-Stark
Brienne-of-Tarth	Tommen-Baratheon
Brienne-of-Tarth	Catelyn-Stark
Brienne-of-Tarth	Clarence-Crabb
Brienne-of-Tarth	Creighton-Longbough
Brienne-of-Tarth	Dick-Crabb
Brienne-of-Tarth	Dontos-Hollard
Brienne-of-Tarth	Elder-Brother
Brienne-of-Tarth	Gendry
Brienne-of-Tarth	Hyle-Hunt
Brienne-of-Tarth	Illifer
Brienne-of-Tarth	Jeyne-Heddle
Brienne-of-Tarth	Joffrey-Baratheon
Brienne-of-Tarth	Lysa-Arryn
Brienne-of-Tarth	Meribald
Brienne-of-Tarth	Narbert
Brienne-of-Tarth	Podrick-Payne
Brienne-of-Tarth	Pyg
Brienne-of-Tarth	Randyll-Tarly
Brienne-of-Tarth	Renly-Baratheon
Brienne-of-Tarth	Shagwell
Brienne-of-Tarth	Timeon
Brienne-of-Tarth	Tyrion-Lannister
Brienne-of-Tarth	Willow-Heddle
Blue-Bard	Cersei-Lannister
Blue-Bard	Margaery-Tyrell
Blue-Bard	Lambert-Turnberry
Blue-Bard	Qyburn
Blue-Bard	Tallad
Lambert-Turnberry	Tallad
Qyburn	Stannis-Baratheon
Qyburn	Robert-Strong
Bonifer-Hasty	Jaime-Lannister
Boros-Blount	Cersei-Lannister
Boros-Blount	Jaime-Lannister
Boros-Blount	Osney-Kettleblack
Boros-Blount	Tommen-Baratheon
Boros-Blount	Meryn-Trant
Boros-Blount	Osmund-Kettleblack
Meryn-Trant	Osmund-Kettleblack
Meryn-Trant	Rafford
Osmund-Kettleblack	Osney-Kettleblack
Osmund-Kettleblack	Tommen-Baratheon
Osmund-Kettleblack	Qyburn
Osmund-Kettleblack	Tyrion-Lannister
Osmund-Kettleblack	Pycelle
Bran-Stark	Jon-Snow
Bran-Stark	Theon-Greyjoy
Bran-Stark	Tommen-Baratheon
Bran-Stark	Rickon-Stark
Bran-Stark	Robb-Stark
Bran-Stark	Eddard-Stark
Bran-Stark	Brynden-Rivers
Bran-Stark	Coldhands
Bran-Stark	Hodor
Bran-Stark	Jojen-Reed
Bran-Stark	Leaf
Bran-Stark	Meera-Reed
Rickon-Stark	Theon-Greyjoy
Rickon-Stark	Robb-Stark
Robb-Stark	Theon-Greyjoy
Robb-Stark	Sansa-Stark
Robb-Stark	Stannis-Baratheon
Robb-Stark	Wyman-Manderly
Robb-Stark	Rodrik-Cassel
Brella	Sansa-Stark
Creighton-Longbough	Illifer
Creighton-Longbough	Shadrich
Dick-Crabb	Jaime-Lannister
Dick-Crabb	Podrick-Payne
Dick-Crabb	Renly-Baratheon
Dick-Crabb	Eustace-Brune
Dontos-Hollard	Sansa-Stark
Dontos-Hollard	Joffrey-Baratheon
Dontos-Hollard	Tyrion-Lannister
Elder-Brother	Meribald
Elder-Brother	Narbert
Gendry	Willow-Heddle
Hyle-Hunt	Sandor-Clegane
Hyle-Hunt	Sansa-Stark
Hyle-Hunt	Meribald
Hyle-Hunt	Podrick-Payne
Hyle-Hunt	Randyll-Tarly
Joffrey-Baratheon	Robert-Baratheon
Joffrey-Baratheon	Margaery-Tyrell
Joffrey-Baratheon	Myrcella-Baratheon
Joffrey-Baratheon	Sandor-Clegane
Joffrey-Baratheon	Sansa-Stark
Joffrey-Baratheon	Tommen-Baratheon
Joffrey-Baratheon	Qyburn
Joffrey-Baratheon	Tyrion-Lannister
Joffrey-Baratheon	Mace-Tyrell
Lysa-Arryn	Petyr-Baelish
Lysa-Arryn	Sansa-Stark
Lysa-Arryn	Robert-Arryn
Lysa-Arryn	Marillion
Lysa-Arryn	Nestor-Royce
Meribald	Narbert
Meribald	Podrick-Payne
Pyg	Shagwell
Pyg	Timeon
Pyg	Vargo-Hoat
Randyll-Tarly	Samwell-Tarly
Randyll-Tarly	Robert-Strong
Renly-Baratheon	Robert-Baratheon
Renly-Baratheon	Sansa-Stark
Renly-Baratheon	Stannis-Baratheon
Shagwell	Timeon
Shagwell	Zollo
Tyrion-Lannister	Tywin-Lannister
Tyrion-Lannister	Varys
Tyrion-Lannister	Yandry
Tyrion-Lannister	Ysilla
Tyrion-Lannister	Yezzan-zo-Qaggaz
Tyrion-Lannister	Tysha
Lollys-Stokeworth	Tanda-Stokeworth
Daven-Lannister	Jaime-Lannister
Daven-Lannister	Emmon-Frey
Edmure-Tully	Jaime-Lannister
Edmure-Tully	Tommen-Baratheon
Edmure-Tully	Emmon-Frey
Edmure-Tully	Ryman-Frey
Edmure-Tully	Ilyn-Payne
Edmure-Tully	Walder-Frey
Edmure-Tully	Forley-Prester
Edmure-Tully	Roslin-Frey
Edwyn-Frey	Jaime-Lannister
Edwyn-Frey	Ryman-Frey
Edwyn-Frey	Walder-Rivers
Emmon-Frey	Jaime-Lannister
Emmon-Frey	Tywin-Lannister
Emmon-Frey	Ryman-Frey
Emmon-Frey	Forley-Prester
Emmon-Frey	Genna-Lannister
Ryman-Frey	Walder-Rivers
Cedric-Payne	Podrick-Payne
Dorcas	Margaery-Tyrell
Dorcas	Osney-Kettleblack
Dorcas	Qyburn
Dorcas	Jocelyn-Swyft
Dorcas	Taena-of-Myr
Dunsen	Gregor-Clegane
Dunsen	Meryn-Trant
Dunsen	Ilyn-Payne
Dunsen	Rafford
Eddard-Stark	Jon-Snow
Eddard-Stark	Theon-Greyjoy
Eddard-Stark	Robert-Baratheon
Eddard-Stark	Jon-Arryn
Eddard-Stark	Sansa-Stark
Eddard-Stark	Stannis-Baratheon
Eddard-Stark	Robb-Stark
Eddard-Stark	Joffrey-Baratheon
Eddard-Stark	Tyrion-Lannister
Eddard-Stark	Pycelle
Eddard-Stark	Roose-Bolton
Eddard-Stark	Wyman-Manderly
Eddard-Stark	Ramsay-Snow
Eddard-Stark	Willam-Dustin
High-Septon-(Tyrions)	Tyrion-Lannister
High-Sparrow	Margaery-Tyrell
High-Sparrow	Osney-Kettleblack
High-Sparrow	Tommen-Baratheon
High-Sparrow	Kevan-Lannister
High-Sparrow	Maegor-I-Targaryen
High-Sparrow	Taena-of-Myr
High-Sparrow	Unella
Ilyn-Payne	Jaime-Lannister
Ilyn-Payne	Lyle-Crakehall
Ilyn-Payne	Meryn-Trant
Ilyn-Payne	Rafford
Jalabhar-Xho	Lambert-Turnberry
Jalabhar-Xho	Tallad
Jocelyn-Swyft	Qyburn
Jocelyn-Swyft	Osmund-Kettleblack
Jocelyn-Swyft	Taena-of-Myr
Kevan-Lannister	Tywin-Lannister
Kevan-Lannister	Lancel-Lannister
Kevan-Lannister	Stannis-Baratheon
Kevan-Lannister	Tommen-Baratheon
Kevan-Lannister	Randyll-Tarly
Kevan-Lannister	Tyrion-Lannister
Kevan-Lannister	Mace-Tyrell
Kevan-Lannister	Pycelle
Kevan-Lannister	Varys
Kevan-Lannister	Ronnet-Connington
Mace-Tyrell	Tywin-Lannister
Mace-Tyrell	Margaery-Tyrell
Mace-Tyrell	Stannis-Baratheon
Mace-Tyrell	Tommen-Baratheon
Mace-Tyrell	Randyll-Tarly
Mace-Tyrell	Tyrion-Lannister
Mace-Tyrell	Olenna-Redwyne
Mace-Tyrell	Pycelle
Mace-Tyrell	Mathis-Rowan
Mace-Tyrell	Robert-Strong
Maegor-I-Targaryen	Tommen-Baratheon
Maggy	Melara-Hetherspoon
Moon-Boy	Osmund-Kettleblack
Osfryd-Kettleblack	Osney-Kettleblack
Osfryd-Kettleblack	Osmund-Kettleblack
Pycelle	Tywin-Lannister
Pycelle	Stannis-Baratheon
Pycelle	Qyburn
Pycelle	Varys
Pycelle	Walder-Frey
Raynard	Torbert
Taena-of-Myr	Tommen-Baratheon
Taena-of-Myr	Tyrion-Lannister
Clement-Piper	Jaime-Lannister
Cleos-Frey	Jaime-Lannister
Colemon	Petyr-Baelish
Colemon	Gretchel
Colemon	Maddy
Colemon	Robert-Arryn
Gretchel	Sansa-Stark
Gretchel	Maddy
Gretchel	Robert-Arryn
Maddy	Sansa-Stark
Maddy	Robert-Arryn
Maddy	Mya-Stone
Robert-Arryn	Yohn-Royce
Robert-Arryn	Sansa-Stark
Robert-Arryn	Terrance-Lynderly
Craster	Gilly
Craster	Jon-Snow
Craster	Samwell-Tarly
Craster	Jeor-Mormont
Jeor-Mormont	Jon-Snow
Jeor-Mormont	Samwell-Tarly
Jeor-Mormont	Qhorin-Halfhand
Daemon-Sand	Doran-Martell
Daemon-Sand	Oberyn-Martell
Dalla	Gilly
Dalla	Stannis-Baratheon
Dalla	Melisandre
Dalla	Mance-Rayder
Dalla	Val
Nymeria-Sand	Tyene-Sand
Nymeria-Sand	Obara-Sand
Eddison-Tollett	Gilly
Eddison-Tollett	Jon-Snow
Eddison-Tollett	Samwell-Tarly
Eddison-Tollett	Satin
Eddison-Tollett	Mully
Eddison-Tollett	Emmett
Eddison-Tollett	Hobb
Eddison-Tollett	Janos-Slynt
Roslin-Frey	Walder-Frey
Elia-Martell	Rhaegar-Targaryen
Elia-Martell	Tywin-Lannister
Genna-Lannister	Jaime-Lannister
Genna-Lannister	Tywin-Lannister
Hotho-Harlaw	Victarion-Greyjoy
Hotho-Harlaw	Rodrik-Harlaw
Hotho-Harlaw	Sigfryd-Harlaw
Humfrey-Hewett	Victarion-Greyjoy
Nute	Victarion-Greyjoy
Nute	Rodrik-Harlaw
Nute	Ralf-Stonehouse
Quellon-Greyjoy	Victarion-Greyjoy
Garrett-Paege	Jaime-Lannister
Gerold-Grafton	Terrance-Lynderly
Kojja-Mo	Samwell-Tarly
Melisandre	Stannis-Baratheon
Melisandre	Sigorn
Melisandre	Selyse-Florent
Melisandre	Rattleshirt
Melisandre	Ygritte
Gormon-Tyrell	Walgrave
Grenn	Jon-Snow
Grenn	Pypar
Grenn	Todder
Pypar	Samwell-Tarly
Pypar	Todder
Gyles-Grafton	Robert-Arryn
Gyles-Grafton	Terrance-Lynderly
Harras-Harlaw	Victarion-Greyjoy
Hugo-Vance	Jaime-Lannister
Jaehaerys-I-Targaryen	Maegor-I-Targaryen
Josmyn-Peckledon	Pia
Pia	Qyburn
Pia	Tyrion-Lannister
Rennifer-Longwaters	Rugen
Sybell-Spicer	Wyman-Manderly
Jeyne-Farman	Melara-Hetherspoon
Jeyne-Westerling	Robb-Stark
Lothor-Brune	Petyr-Baelish
Lothor-Brune	Sansa-Stark
Lothor-Brune	Robert-Arryn
Lothor-Brune	Mya-Stone
Mya-Stone	Robert-Arryn
Mya-Stone	Myranda-Royce
Lucas-Codd	Red-Oarsman
Lucas-Codd	Torwold-Browntooth
Luwin	Nan
Lyn-Corbray	Petyr-Baelish
Lyn-Corbray	Robert-Arryn
Lyn-Corbray	Lyonel-Corbray
Lyonel-Corbray	Petyr-Baelish
Marillion	Petyr-Baelish
Nestor-Royce	Petyr-Baelish
Nestor-Royce	Yohn-Royce
Nestor-Royce	Sansa-Stark
Nestor-Royce	Robert-Arryn
Manfrey-Martell	Ricasso
Myranda-Royce	Sansa-Stark
Myranda-Royce	Robert-Arryn
Ralf-Stonehouse	Victarion-Greyjoy
Pate-(whipping-boy)	Tommen-Baratheon
Puckens	Pycelle
Puckens	Shortear
Qhorin-Halfhand	Samwell-Tarly
Quhuru-Mo	Samwell-Tarly
Quhuru-Mo	Xhondo
Ralf-(Limper)	Victarion-Greyjoy
Roose-Bolton	Theon-Greyjoy
Roose-Bolton	Stannis-Baratheon
Roose-Bolton	Wyman-Manderly
Roose-Bolton	Walda-Frey-(daughter-of-Merrett)
Sarella-Sand	Tyene-Sand
Shae	Tyrion-Lannister
Shae	Tysha
Talbert-Serry	Victarion-Greyjoy
Aegon-I-Targaryen	Daenerys-Targaryen
Daenerys-Targaryen	Rhaegar-Targaryen
Daenerys-Targaryen	Victarion-Greyjoy
Daenerys-Targaryen	Robert-Baratheon
Daenerys-Targaryen	Quentyn-Martell
Daenerys-Targaryen	Doran-Martell
Daenerys-Targaryen	Tyrion-Lannister
Daenerys-Targaryen	Mace-Tyrell
Daenerys-Targaryen	Varys
Daenerys-Targaryen	Jon-Connington
Daenerys-Targaryen	Viserys-Targaryen
Daenerys-Targaryen	Grey-Worm
Daenerys-Targaryen	Jhogo
Daenerys-Targaryen	Rakharo
Daenerys-Targaryen	Gerris-Drinkwater
Daenerys-Targaryen	Tattered-Prince
Daenerys-Targaryen	Galazza-Galare
Daenerys-Targaryen	Groleo
Daenerys-Targaryen	Hizdahr-zo-Loraq
Daenerys-Targaryen	Missandei
Daenerys-Targaryen	Reznak-mo-Reznak
Daenerys-Targaryen	Skahaz-mo-Kandaq
Daenerys-Targaryen	Xaro-Xhoan-Daxos
Daenerys-Targaryen	Irri
Daenerys-Targaryen	Spotted-Cat
Daenerys-Targaryen	Penny
Daenerys-Targaryen	Moqorro
Daenerys-Targaryen	Meris
Daenerys-Targaryen	Hero
Daenerys-Targaryen	Jhiqui
Daenerys-Targaryen	Daeron-II-Targaryen
Daenerys-Targaryen	Drogo
Daenerys-Targaryen	Eroeh
Daenerys-Targaryen	Ezzara
Daenerys-Targaryen	Ghael
Daenerys-Targaryen	Illyrio-Mopatis
Daenerys-Targaryen	Jorah-Mormont
Daenerys-Targaryen	Lysono-Maar
Daenerys-Targaryen	Marselen
Daenerys-Targaryen	Mezzara
Daenerys-Targaryen	Miklaz
Daenerys-Targaryen	Qavo-Nogarys
Daenerys-Targaryen	Qezza
Daenerys-Targaryen	Quaithe
Daenerys-Targaryen	Symon-Stripeback
Daenerys-Targaryen	Yurkhaz-zo-Yunzak
Franklyn-Flowers	Jon-Connington
Haldon	Tyrion-Lannister
Haldon	Jon-Connington
Haldon	Lemore
Haldon	Rolly-Duckfield
Haldon	Yandry
Haldon	Ysilla
Haldon	Illyrio-Mopatis
Haldon	Qavo-Nogarys
Haldon	Pono
Harry-Strickland	Jon-Connington
Harry-Strickland	Myles-Toyne
Jon-Connington	Rhaegar-Targaryen
Jon-Connington	Robert-Baratheon
Jon-Connington	Tywin-Lannister
Jon-Connington	Tyrion-Lannister
Jon-Connington	Varys
Jon-Connington	Lemore
Jon-Connington	Rolly-Duckfield
Jon-Connington	Yandry
Jon-Connington	Myles-Toyne
Jon-Connington	Nyessos-Vhassar
Lemore	Tyrion-Lannister
Lemore	Rolly-Duckfield
Lemore	Yandry
Lemore	Ysilla
Rolly-Duckfield	Tyrion-Lannister
Rolly-Duckfield	Yandry
Rolly-Duckfield	Ysilla
Yandry	Ysilla
Aenys-Frey	Theon-Greyjoy
Aenys-Frey	Hosteen-Frey
Aenys-Frey	Wyman-Manderly
Hosteen-Frey	Wyman-Manderly
Aggo	Barristan-Selmy
Aggo	Daenerys-Targaryen
Aggo	Daario-Naharis
Aggo	Grey-Worm
Aggo	Jhogo
Aggo	Rakharo
Daario-Naharis	Quentyn-Martell
Daario-Naharis	Daenerys-Targaryen
Daario-Naharis	Grey-Worm
Daario-Naharis	Jhogo
Daario-Naharis	Rakharo
Daario-Naharis	Groleo
Daario-Naharis	Hizdahr-zo-Loraq
Daario-Naharis	Missandei
Daario-Naharis	Skahaz-mo-Kandaq
Daario-Naharis	Irri
Daario-Naharis	Hero
Daario-Naharis	Jhiqui
Grey-Worm	Hizdahr-zo-Loraq
Grey-Worm	Skahaz-mo-Kandaq
Grey-Worm	Irri
Jhogo	Rakharo
Alliser-Thorne	Jon-Snow
Alys-Karstark	Jon-Snow
Alys-Karstark	Melisandre
Alys-Karstark	Sigorn
Sigorn	Stannis-Baratheon
Alysane-Mormont	Asha-Greyjoy
Alysane-Mormont	Stannis-Baratheon
Alysane-Mormont	Justin-Massey
Justin-Massey	Stannis-Baratheon
Justin-Massey	Richard-Horpe
Archibald-Yronwood	Quentyn-Martell
Archibald-Yronwood	Cletus-Yronwood
Archibald-Yronwood	Gerris-Drinkwater
Archibald-Yronwood	Tattered-Prince
Cletus-Yronwood	Quentyn-Martell
Cletus-Yronwood	Daenerys-Targaryen
Cletus-Yronwood	Gerris-Drinkwater
Cletus-Yronwood	Kedry
Gerris-Drinkwater	Quentyn-Martell
Gerris-Drinkwater	Tattered-Prince
Gerris-Drinkwater	Hizdahr-zo-Loraq
Gerris-Drinkwater	Meris
Arnolf-Karstark	Asha-Greyjoy
Arnolf-Karstark	Stannis-Baratheon
Arnolf-Karstark	Arthor-Karstark
Arnolf-Karstark	Mors-Umber
Arnolf-Karstark	Rickard-Karstark
Mors-Umber	Stannis-Baratheon
Arron	Emrick
Arron	Hareth-(Moles-Town)
Arron	Satin
Emrick	Hareth-(Moles-Town)
Emrick	Satin
Hareth-(Moles-Town)	Jon-Snow
Hareth-(Moles-Town)	Satin
Hareth-(Moles-Town)	Hop-Robin
Hareth-(Moles-Town)	Leathers
Hareth-(Moles-Town)	Rory
Satin	Selyse-Florent
Jeyne-Poole	Theon-Greyjoy
Jeyne-Poole	Roose-Bolton
Jeyne-Poole	Ramsay-Snow
Jeyne-Poole	Rowan
Jeyne-Poole	Squirrel
Mance-Rayder	Theon-Greyjoy
Mance-Rayder	Stannis-Baratheon
Mance-Rayder	Melisandre
Mance-Rayder	Ramsay-Snow
Mance-Rayder	Tormund
Mance-Rayder	Varamyr
Mance-Rayder	Val
Mance-Rayder	Rowan
Mance-Rayder	Squirrel
Ramsay-Snow	Theon-Greyjoy
Ramsay-Snow	Stannis-Baratheon
Ramsay-Snow	Roose-Bolton
Ramsay-Snow	Wyman-Manderly
Ramsay-Snow	Skinner
Ramsay-Snow	Sour-Alyn
Ramsay-Snow	Walder-Frey-(son-of-Merrett)
Ramsay-Snow	Yellow-Dick
Clayton-Suggs	Stannis-Baratheon
Clayton-Suggs	Godry-Farring
Godry-Farring	Jon-Snow
Godry-Farring	Stannis-Baratheon
Godry-Farring	Melisandre
Godry-Farring	Justin-Massey
Godry-Farring	Mance-Rayder
Grimtongue	Hagen
Grimtongue	Lorren
Hagen	Tristifer-Botley
Hagen	Qarl-the-Maid
Hagen	Lorren
Qarl-the-Maid	Tristifer-Botley
Ashara-Dayne	Elia-Martell
Axell-Florent	Jon-Snow
Axell-Florent	Stannis-Baratheon
Axell-Florent	Melisandre
Axell-Florent	Selyse-Florent
Axell-Florent	Shireen-Baratheon
Selyse-Florent	Stannis-Baratheon
Selyse-Florent	Shireen-Baratheon
Selyse-Florent	Val
Selyse-Florent	Wun-Weg-Wun-Dar-Wun
Shireen-Baratheon	Stannis-Baratheon
Shireen-Baratheon	Val
Azor-Ahai	Stannis-Baratheon
Barbrey-Dustin	Theon-Greyjoy
Barbrey-Dustin	Stannis-Baratheon
Barbrey-Dustin	Roose-Bolton
Barbrey-Dustin	Jeyne-Poole
Barbrey-Dustin	Ramsay-Snow
Barbrey-Dustin	Roger-Ryswell
Roger-Ryswell	Theon-Greyjoy
Belwas	Quentyn-Martell
Belwas	Daenerys-Targaryen
Belwas	Hizdahr-zo-Loraq
Belwas	Skahaz-mo-Kandaq
Ben-Plumm	Tyrion-Lannister
Ben-Plumm	Daenerys-Targaryen
Ben-Plumm	Daario-Naharis
Ben-Plumm	Hizdahr-zo-Loraq
Ben-Plumm	Kasporio
Ben-Plumm	Penny
Ben-Plumm	Tybero-Istarion
Bloodbeard	Daenerys-Targaryen
Bloodbeard	Tattered-Prince
Bloodbeard	Hizdahr-zo-Loraq
Galazza-Galare	Grazhar
Galazza-Galare	Hizdahr-zo-Loraq
Galazza-Galare	Reznak-mo-Reznak
Galazza-Galare	Skahaz-mo-Kandaq
Grazhar	Qezza
Groleo	Jhogo
Groleo	Skahaz-mo-Kandaq
Groleo	Hero
Hizdahr-zo-Loraq	Quentyn-Martell
Hizdahr-zo-Loraq	Khrazz
Hizdahr-zo-Loraq	Missandei
Hizdahr-zo-Loraq	Reznak-mo-Reznak
Hizdahr-zo-Loraq	Skahaz-mo-Kandaq
Hizdahr-zo-Loraq	Steelskin
Hizdahr-zo-Loraq	Irri
Hizdahr-zo-Loraq	Spotted-Cat
Hizdahr-zo-Loraq	Jhiqui
Hizdahr-zo-Loraq	Qezza
Hizdahr-zo-Loraq	Marghaz-zo-Loraq
Khrazz	Steelskin
Khrazz	Spotted-Cat
Missandei	Quentyn-Martell
Missandei	Skahaz-mo-Kandaq
Reznak-mo-Reznak	Skahaz-mo-Kandaq
Barsena	Daenerys-Targaryen
Bartimus	Davos-Seaworth
Davos-Seaworth	Stannis-Baratheon
Davos-Seaworth	Robb-Stark
Davos-Seaworth	Eddard-Stark
Davos-Seaworth	Melisandre
Davos-Seaworth	Sybell-Spicer
Davos-Seaworth	Wyman-Manderly
Davos-Seaworth	Garth-(Wolfs-Den)
Davos-Seaworth	Godric-Borrell
Davos-Seaworth	Leona-Woolfield
Davos-Seaworth	Marlon-Manderly
Davos-Seaworth	Robett-Glover
Davos-Seaworth	Salladhor-Saan
Belaquo	Hizdahr-zo-Loraq
Belaquo	Goghor-the-Giant
Belaquo	Irri
Belaquo	Spotted-Cat
Goghor-the-Giant	Hizdahr-zo-Loraq
Goghor-the-Giant	Khrazz
Goghor-the-Giant	Spotted-Cat
Irri	Rakharo
Irri	Missandei
Irri	Skahaz-mo-Kandaq
Irri	Jhiqui
Ben-Bones	Theon-Greyjoy
Ben-Bones	Ramsay-Snow
Kasporio	Tyrion-Lannister
Kasporio	Tybero-Istarion
Penny	Tyrion-Lannister
Penny	Yezzan-zo-Qaggaz
Penny	Sweets
Tybero-Istarion	Tyrion-Lannister
Benerro	Tyrion-Lannister
Benerro	Daenerys-Targaryen
Benerro	Haldon
Benerro	Moqorro
Moqorro	Victarion-Greyjoy
Moqorro	Tyrion-Lannister
Moqorro	Rodrik-Sparr
Benethon-Scales	Selyse-Florent
Benethon-Scales	Narbert-Grandison
Narbert-Grandison	Selyse-Florent
Narbert-Grandison	Patrek-of-Kings-Mountain
Benjen-Stark	Jon-Snow
Black-Balaq	Franklyn-Flowers
Bowen-Marsh	Jon-Snow
Bowen-Marsh	Stannis-Baratheon
Bowen-Marsh	Eddison-Tollett
Bowen-Marsh	Satin
Bowen-Marsh	Mance-Rayder
Bowen-Marsh	Cellador
Bowen-Marsh	Othell-Yarwyck
Bowen-Marsh	Tormund
Bowen-Marsh	Wick-Whittlestick
Cellador	Clydas
Cellador	Jon-Snow
Cellador	Othell-Yarwyck
Othell-Yarwyck	Weeper
Tormund	Val
Tormund	Weeper
Brynden-Rivers	Meera-Reed
Coldhands	Hodor
Coldhands	Meera-Reed
Hodor	Jojen-Reed
Hodor	Meera-Reed
Jojen-Reed	Meera-Reed
Leaf	Meera-Reed
Brandon-Norrey	Jon-Snow
Brandon-Norrey	Torghen-Flint
Brus-Buckler	Selyse-Florent
Brus-Buckler	Narbert-Grandison
Brus-Buckler	Malegorn
Malegorn	Selyse-Florent
Malegorn	Narbert-Grandison
Bump	Varamyr
Caggo	Quentyn-Martell
Caggo	Gerris-Drinkwater
Caggo	Tattered-Prince
Caggo	Lucifer-Long
Caggo	Meris
Meris	Quentyn-Martell
Meris	Tattered-Prince
Camarron	Spotted-Cat
Moelle	Unella
Moelle	Scolera
Scolera	Unella
Cleon	Quentyn-Martell
Cleon	Daenerys-Targaryen
Kedry	Quentyn-Martell
Corliss-Penny	Stannis-Baratheon
Cotter-Pyke	Jon-Snow
Cotter-Pyke	Selyse-Florent
Cotter-Pyke	Denys-Mallister
Denys-Mallister	Jon-Snow
Cromm	Grimtongue
Cromm	Hagen
Hero	Jhogo
Jhiqui	Rakharo
Jhiqui	Missandei
Jhiqui	Skahaz-mo-Kandaq
Drogo	Viserys-Targaryen
Illyrio-Mopatis	Tyrion-Lannister
Illyrio-Mopatis	Jon-Connington
Illyrio-Mopatis	Rolly-Duckfield
Jorah-Mormont	Tyrion-Lannister
Jorah-Mormont	Penny
Jorah-Mormont	Nurse
Marselen	Symon-Stripeback
Mezzara	Qezza
Miklaz	Qezza
Qavo-Nogarys	Tyrion-Lannister
Damon-Dance-for-Me	Theon-Greyjoy
Damon-Dance-for-Me	Ramsay-Snow
Damon-Dance-for-Me	Grunt
Damon-Dance-for-Me	Skinner
Damon-Dance-for-Me	Sour-Alyn
Grunt	Theon-Greyjoy
Grunt	Sour-Alyn
Skinner	Theon-Greyjoy
Skinner	Sour-Alyn
Sour-Alyn	Theon-Greyjoy
Sour-Alyn	Yellow-Dick
Garth-(Wolfs-Den)	Sybell-Spicer
Leona-Woolfield	Wyman-Manderly
Marlon-Manderly	Stannis-Baratheon
Robett-Glover	Stannis-Baratheon
Salladhor-Saan	Stannis-Baratheon
Denzo-Dhan	Meris
Devan-Seaworth	Jon-Snow
Devan-Seaworth	Stannis-Baratheon
Devan-Seaworth	Melisandre
Dick-Straw	Tattered-Prince
Dick-Straw	Hugh-Hungerford
Donal-Noye	Jon-Snow
Donal-Noye	Qhorin-Halfhand
Draqaz	Miklaz
Dryn	Tormund
Emmett	Jon-Snow
Emmett	Hareth-(Moles-Town)
Emmett	Janos-Slynt
Emmett	Hop-Robin
Hobb	Jon-Snow
Hobb	Melisandre
Hobb	Mully
Hobb	Owen
Janos-Slynt	Jon-Snow
Hop-Robin	Jon-Snow
Frenya	Theon-Greyjoy
Frenya	Holly
Holly	Theon-Greyjoy
Holly	Jeyne-Poole
Holly	Rowan
Fulk	Jon-Snow
Fulk	Mully
Garth-Greyfeather	Jon-Snow
Garth-Greyfeather	Hairy-Hal
Garth-Greyfeather	Jack-Bulwer
Hairy-Hal	Jon-Snow
Hairy-Hal	Jack-Bulwer
Jack-Bulwer	Jon-Snow
Gerrick-Kingsblood	Jon-Snow
Gerrick-Kingsblood	Raymun-Redbeard
Lorren	Sybelle-Glover
Haggon	Varamyr
Leathers	Tormund
Leathers	Toregg
Leathers	Wun-Weg-Wun-Dar-Wun
Harl	Lorren
Harwood-Stout	Theon-Greyjoy
Rowan	Theon-Greyjoy
Rowan	Squirrel
Hoster-Blackwood	Jaime-Lannister
Hother-Umber	Wyman-Manderly
Hother-Umber	Mors-Umber
Hother-Umber	Ramsay-Snow
Hother-Umber	Jon-Umber-(Greatjon)
Jared-Frey	Rhaegar-Frey
Rhaegar-Frey	Wyman-Manderly
Squirrel	Theon-Greyjoy
Patrek-of-Kings-Mountain	Selyse-Florent
Patrek-of-Kings-Mountain	Wun-Weg-Wun-Dar-Wun
Toregg	Tormund
Nurse	Tyrion-Lannister
Nurse	Penny
Nurse	Yezzan-zo-Qaggaz
Joramun	Melisandre
Joramun	Mance-Rayder
Richard-Horpe	Stannis-Baratheon
Kerwin	Victarion-Greyjoy
Longwater-Pyke	Victarion-Greyjoy
Luton	Skinner
Lyanna-Mormont	Stannis-Baratheon
Lyanna-Stark	Rhaegar-Targaryen
Maege-Mormont	Robb-Stark
Malaquo-Maegyr	Nyessos-Vhassar
Marya-Seaworth	Stannis-Baratheon
Rodrik-Sparr	Victarion-Greyjoy
Morgo	Tyrion-Lannister
Old-Bill-Bone	Quentyn-Martell
Patchface	Selyse-Florent
Patchface	Shireen-Baratheon
Sweets	Tyrion-Lannister
Sweets	Yezzan-zo-Qaggaz
Rodrik-Cassel	Theon-Greyjoy
Roose-Ryswell	Stannis-Baratheon
Scar	Tyrion-Lannister
Scar	Yezzan-zo-Qaggaz
Shrouded-Lord	Tyrion-Lannister
Theomore	Wyman-Manderly
Walder-Frey-(son-of-Jammos)	Walder-Frey-(son-of-Merrett)
Thistle	Varamyr
